Nom	Adresse (ligne 1)	Adresse (ligne 2)	Adresse (ligne 3)	Code postal	Ville	Pays	Autre...	Collections : [Nom]
Albin Michel	22, rue Huyghers			75014	Paris	France	Tél : 01 42 79 10 00	[Bibliothèque Albin Michel][Bibliothèque Albin Michel Histoi][Bibliothèque de l'Evolution de l][Bibliothèque du Collège Internat][Bibliothèque Idées][Bliblio][Choix][Illustrations][L'évolution de l'humanité][Les grandes traductions / Docume][Les savants et le monde][Lettre ouverte][Roman][Sciences d'aujourd'hui][Sciences des religions][Spécial suspense][Spiritualités][Spiritualités vivantes]
Gallimard					Paris			[1000 Soleils][Arcades][Archives][Archives du surréalisme][Art et Artistes][au Vif du Sujet][Bibliothèque de la Pléiade][Bibliothèque de Philosophie][Bibliothèque des Histoires][Bibliothèque des Idées][Bibliothèque des sciences humain][Bibliothèque du voyageur][Bibliothèque illustrée des Histo][Biblos][Biographies][Cahiers Renaud-Barrault][Ciboulées][Classiques de la philosophie][Comédie-Française][Connaissance de l'inconscient][Connaissance de l'Orient][Découvertes Gallimard][Du monde entier][Folio][Folio / Bilingue][Folio / Classique][Folio / Essais][Folio / Histoire][Folio / Policier][Folio Junior][Foliothèque][Galerie Pittoresque][Haute enfance][Idées][Joëlle Losfeld][L'arbalète][L'Arpenteur][L'espèce humaine][L'esprit de la Cité][L'étrangère][L'imaginaire][L'infini][L'Un et l'Autre][La Croix du Sud][La Noire][La Nouvelle Croix du Sud][La suite des temps][le Chemin][Le Débat][Le livre de poche][Le manteau d' Arlequin][Le point du jour][Le promeneur][Le temps de la réflexion][Le temps des images][Les cahiers de la nrf][Les essais][Nouvelles][nrf][nrf essais][Oeuvres philosophiques complètes][Poésie][Poésie du monde entier][Quarto][Roman][Série noire][Tel][Témoins][Théâtre du monde entier][Théâtre National Populaire][Tracé][Vocations, VII]
Editions de la Réunion des musées nationaux					Paris			[Galeries nationales du Grand Pal][Louvre][Musarde]
Seuil					Paris			[][][]["Ecrivains de toujours"][Biographie][Champ freudien][Chemin de pensée][Combats][Connexions du Champ freudien][Ecrivains de toujours][Fiction & Cie][L'école des lettres][L'Homme][L'ordre philosophique][L'Univers historique][La couleur des idées][La librairie du XXe siècle][La librairie du XXIe siècle][Le don des langues][Le temps qui court][Les contemporains][Les empêcheurs de penser en rond][Libre à elles][Microcosme Maîtres spirituels][Microcosme Petite planète][Microcosme Solfèges][Non Conforme][Pierres Vives][Point-Virgule][Points][Points / Actuels][Points / Bilingue][Points / Essais][Points / Histoire][Points / Politique][Points / Roman][Points / Sagesse][Points / Sciences][Psychologie][Recherches anthropologiques][Science ouverte][Tel Quel][Théâtre National Populaire][Virgule]
The University Of Michigan Press					Ann Arbor	USA		[Ann Arbor]
Cercle du livre précieux					Paris			[Les Grandes études de sexologie][Tome VIII et IX][Tome XI][Tome XI et XII][Tome XII][Tome XIII][Tome XIV][Tome XV][Tome XVI]
CERF Editions franciscaines					Paris			
Editions du Regard					Paris			
Seuil/Imec						France		[Fiction et Cie]
Zürich					Zürich			
Denoël					Paris			[Arc-en-ciel][Bibliothèque Médiations][Bibliothèque psychanalytique][Denoël & D 'ailleurs][Dossiers des Lettres Nouvelles][Empreinte][Folio][Folio essais][Format Utile][Freud et son temps][L'espace analytique][La psychanalyse dans le monde co][Le roman vrai de la IIIe Républi][Les Maîtres de la Pensée Religie][Les Temps Modernes][LN][Pensée gandhienne][Présence du futur]
Verdier					Lagrasse			["Les Dix Paroles"][Der Doppelgänger][Faenas][La Cécilia][Philia][philosophie][Slovo][Terra d'altri]
Fayard					Paris			[10/18][Corpus des oeuvres de philosophi][Digraphe][Documents spirituels][Expérience et psychologie][L'analyse au singulier][L'Enfer de la Bibliothèque Natio][L'Espace intérieur][L'Esprit de la Cité][Le livre populaire][Le monde sans frontières][le signe][Le temps des sciences][Les Grandes Etudes Historiques][Les Grandes Etudes Littéraires][Les Inconnus de l'histoire][Penser la médecine][Regards sur la voie chinoise][Roman]
Le lisible et l'illisible					Paris			[Le Philosophoire]
Editions Galilée					Paris			[A la lettre][Débats][Ecritures / Figures][Incises][L'espace critique][La philosophie en effet]
Michalon					Paris			["Encre Marine"]["la parole en acte"]
Le Sycomore					Paris			[L'Asiathèque][La Boîte de Pandore][Objets et Mondes]
Ministère de la Culture et de la Communication					Paris			[Terrain]
Paul Hartmann Editeur					Paris			
Edizioni Scientifiche Italiane					Naples	Italie		[Guida Storico-artistica]
Ramsay					Paris			[Cinéma][Mots][Points][Visions]
Daniel Cohen Editeur					Paris			[Orizons]
Barco rojo					Cordoba	Argentine		
France Loisirs					Paris			[Oeuvres]
Flammarion					Paris			[Bibliothèque des savoirs][Bilbiothèque de Philosophie Scie][Champs][Champs / Contre-Champs][Classiques][Digraphe][Dominos][Figures de la science][GF][Grand art - petites monographies][Guides Delta][Harmoniques][Idées et recherches][Institut du monde arabe][L'Age d'Or][L'Odyssée][La grammaire des styles][Le monde de la philosophie][Lettres d'Extrême-Orient][Médecine sciences][Nouvelle Bibliothèque Romantique][Nouvelle bibliothèque scientifiq][Points][Pourpre][Science de l'homme][Select-Collection][Textes politiques]
Jean de Bonnot					Paris			[Ex Libris]
Vrin					Paris			["pour demain"][A la recherche de la vérité][Bibliothèque d'histoire de la ph][Bibliothèque des textes philosop][Bibliothèque Thomiste][Collège philosophique][colloque de Cerisy][Colloque de Chantilly][Conférences Pierre Abélard][De Pétrarque à Descartes][Etudes de Philosophie Médiévale][Etudes de psychologie et de phil][Histoire de la philosophie][Histoire des doctrines de l'anti][L'homme et les oeuvres][Librairie philosophique J. Vrin][Mathesis][Philosophes contemporains][Problèmes et controverses][Reprise][Sciences de l'homme][textes philosophiques]
Electa Napoli					Naples 			[Guie artistiche]
Farrago					Tours			[Musée des Beaux-Arts de Tours]
5 Continents Editions					Milan			
Kargo Editions					Paris			
Ephemere Editions								
Bayard					Paris			[Biographie][L'aventure intérieure][Petites conférences][sciences]
Presses Universitaires de Perpignan					Perpignan			[Etudes]
Maeght Editeur						Paris		
Les Prairies ordinaires					Paris			[Essais]
Editions de La Martinière					Paris			[Au bonheur des philosophes][Jeunesse]
Arthaud					Paris			[Clefs du savoir][Guide Arthaud][Les grandes civilisations][Signe des Temps]
Prodomus					Paris			
L'Edition d'Art					Paris			
Stock					Paris			[+plus][Bibliothèque cosmopolite][Echanges][Idées][L'autre pensée][La culture moderne][Monde Ouvert][Nouveau Cabinet Cosmopolite][plus][Roman][Stock / Imec]
Léo Scheer					Paris			[lignes][Non & Non][Variations II]
La musardine					Paris			[l'Attrape-corps][Lectures amoureuses de J.-J. Pau]
Stock / Spengler					Paris		titre complet de la collection : Anthologie historique des lectures érotiques.	[Anthologie des lectures érotique]
Vision					Rome	Italie		
Editions Cercle d'Art					Paris			[Galerie du passeur][Salon des indépendants]
Les publications de la Collection de l'art brut					Lausanne	Suisse		[Fascicules]
Silvana editoriale					Milan			
BnF					Paris			[Conférences del Duca][Manuscrits]
Charta					Milan			
Gallimard / Electa					Paris			[Centre Georges Pompidou][Réunion des musées nationaux]
Arts et métiers graphiques					Paris			
Nanjing Museum					Shangaï			
Nouvelles Editions Françaises					Paris			
Benedikt Taschen					Köln 	Allemagne		
Société de Gestion de l'Encyclopédie française								[Tome VIII]
Celiv					Paris			
The Gallery					Melbourne	Australie		
Editions Textuel					Paris			[Collectif][Conversations pour demain][La Discorde]
Passage du Marais					Paris			
CERF					Paris			["passages"][Classiques de la Philosophie][Histoire][Judaïsmes][L'Histoire à vif][Les dossiers de la Bible][Patrimoine Islam][Patrimoine Judaïsme][Pensée antique et médiévale][Recherches Morales][Sagesses chrétiennes][Sciences humaines et religions][Sources Chrétiennes]
L.C.L					Paris			[Les peintres du livre]
Meteora editoriale					Barcelone	Espagne		
Petit Palais					Paris			
Schimer/Mosel					Munich-Paris			[Bibliothèque Visuelle]
Multitudes					Paris			
Chronicle Books					San Francisco	USA		[Postcards]
Institut für plastination					Heidelberg	Allemagne		
Presses Universitaires de France					Paris			["de la science"]["initiation philosophique"]["Le psychologue"][A la pensée][Actualité psychanalytique][Bibliothèque Classique de Philos][Bibliothèque de Philosophie Cont][Bibliothèque de psychanalyse][Bibliothèque de psychanalyse et ][Bibliothèque de psychiatrie][Bibliothèque de sociologie conte][Bibliothèque du Collège internat][Bibliothèque scientifique intern][Bilbliothèque de Philosophie Con][Bilbliothèque de philosophie con][Corpus général des philosophes f][Dito][écriture][Epiméthée][Epîtres][Ethnologies][Formes sémiotiques][Galien][Histoire de la philosophie er ph][Histoire de la psychanalyse][Histoire et philosophie de la bi][L'actualité psychanalytique][L'interrogation philosophique][Le fait psychanalytique][Le fil rouge][Le psychologue][Le texte rêve][Les Grands Textes][Libelles][Libelles][Littératures anciennes][Littératures modernes][Logos][Mathématiques][Mémoires de l'institut des haute][Monographies de la Revue Françai][Mythes et religions][Nous partons pour ...][Nouvelle Encyclopédie Philosophi][Perspectives Critiques][Perspectives Critiques][Perspectives littéraires][Petite bibliothèque de psychanal][Philosophie d'aujourd'hui][Philosophies][Philosophies][Politique d'Aujourd'hui][Pratiques théoriques][Premier Cycle][Psychanalyse à l'université][Psychanalystes d'aujourd'hui][Psychiatrie ouverte][Psychopathologie][Publication annuelle][Quadrige][Que sais-je ?][Que sais-je ?][Questions][Questions][Recherches][Recherches politiques][Revue Française de Psychanalyse][Science, histoire er société][Science, histoire et société][Sciences Modernités Philosophies][Sinaï][Sociologie d'aujourd'hui][Sociologies][Sources][Sup][Sup][Université de Grenoble][Voix nouvelles en psychanalyse]
Editions du Félin					Paris			[incidence][Melting-pot][Philippe Lebaud][Philosophie]
Institut d'Edition Sanofi-Synthélabo					Paris			[Les empêcheurs de penser en rond]
Centre George Pompidou / Prestel					Paris			[Espace international / Philosoph][Le promeneur][Supplémentaires]
Susan F. Rossen					Chicago	USA		[The Art Institute of Chicago]
Musée d'Art Moderne de la ville de Paris					Paris			
Le cherche midi					Paris			[Amor Fati][Documents][La Bibliothèque du Dessinateur][Lot 49][Que deviendrait la mort sans la ]
Editions du Rocher					Monaco			[Alphée][Anatolia][Civilisation & Tradition][L'homme et l'univers][Les Grands Classiques]
Munch / Spadem					Paris			[Réunion des musées nationaux]
Editions Dédale / Maisonneuve et Larose					Paris			["l'Art écrit"]
Galerie Isy Brachot					Paris			
Bookking international					Paris			
Art Press					Paris			
Guy Trédaniel Editeur					Paris			
Scala					Paris			
Maisonneuve & Larose					Paris			[Judaïsme en terre d'Islam][La bibliothèque initiatique][Les littératures populaires de t][Pérénigrations Asiatiques]
Autrement					Paris			[Figures mythiques][Frontières][Hors-Série][Les Guides Autrement][Littératures][Mémoires]
Nathan / Delpire					Paris			
VLB éditeur					Montréal	Québec		
Tate Gallery Publications					London	UK		
Editions de l'Herne					Paris			
Textuel					Paris			
Borderie					Nyons			[Obliques]
associacao psicanalitica de Porto Alegre					Porto Alegre	Brésil		[Revue]
Editorial sudamericana					Buenos Aires			[Narrativas Argentinas]
Ediciones del Orto					Madrid	Espagne		[Biblioteca de mujeres]
Nueva Vision					Buenos Aires	Argentine		[Collecion Claves][Collection Freud-Lacan][Psicologia contemporanea]
Ediciones Akal					Madrid	Espagne		
Editorial Sintesis					Madrid	Espagne		[Estudios lacanianos]
Ediciones Nagelkop					Cordoba	Argentine		[Antologia]
Manrique Zago / Léon Goldstein					Buenos Aires	Argentine		
FMGB. Guggenheim Bilbao Museoa y Steidl Verlag					Bilbao			
Diana					Mexico	Mexique		
Ecole lacanienne de psychanalyse. ELP					Paris			[Cuadernos de Litoral][Me cayo el veinte / Libros]
Emecé					Buenos Aires 	Argentine		[Escritores argentinos][Grandes maestros del suspenso]
El ermitano						Mexique		[Minimalia]
Editorial Porrua, S.A.					Mexico	Mexique		["Sepan Cuantos ..."]
Alfaguara ediciones					Madrid	Espagne		
Losada					Buenos aires	Argentine		[Biblioteca clasica y contemporan][contemporanea][Novelistas de nuestra epoca]
Planeta					Buenos Aires	Argentine		[Espejo de la Argentina][Planeta Colombiana]
Beatriz Viterbo Editora					Rosario	Argentine		[El Escribiente]
Catedra/ Letras hispanicas.					Madrid	Espagne		[Letras hispanicas]
Universidad Autonoma Metroplitana					Mexico	Mexique		[Mascaron][Xochimilco]
Ruben Libros					Cordoba	Argentine		
Debolsillo					Buenos Aires	Argentine		[Contemporanea]
Acantilado					Barcelone	Espagne		
Fundacion Cultural Mapfre Vida					Madrid	Espagne		
Editorial sudamericana/ mondadori								
Alianza Editorial					Madrid	Espagne		[Jorge Luis Borges]
Seix Barral / Biblioteca breve					Buenos Aires	Argentine		
Biblioteca La Nacion					Buenos Aires	Argentine		
Critica					Barcelone 	Espagne		[letras de humanidad]
Editores de la Perra					Rosario	Argentine		[Publicacion de psicoanalisis.]
Centro de Documentacion sobre la mujer					Buenos Aires	Argentine		
Sophia publications					Paris			[Magazine littéraire]
Exils					Paris			[Essais][Essais][Le carnet noir][Litterature]
Plon					Paris			[Agora][Biographies][Carnets][Civilisations et mentalités][Feux croisés][Le livre de poche encyclopédique][Les philosophes contre Jean-Jacq][Mythologiques][Points][Présences][Recherches en sciences humaines][Terre Humaine]
Circé					Belval			
Editions du progrès					Moscou	Russie		[Essais et documents]
Payot					Paris			[Aux confins de la science][Bibliothèque historique][Bibliothèque médicale][Bibliothèque science de l'homme][Bibliothèque scientifique][Biographies Payot][Critique Politique][Désir][Essais Payot][Histoire de l'Art][Histoire Payot][la petite bibliothèque][Langages et sociétés][Le regard de l'Histoire][Manuels][Médecine et Sociétés][Payothèque][Roman][Romans Payot][Science de l'homme Payot]
Christian Bourgois éditeur					Paris			[Choix-Essais][Détroits][Festival d'automne][Première Livraison]
Hachette					Paris			[Ars Una. Histoire générale de l'][Chefs-d'oeuvre de l'art][Classiques France][Classiques illustrés Vaubourdoll][En savoir plus][Grands monuments][Guides bleus évasion][Guides Visa][Guides Voir][Hachette littérature][Hachette world guides][La vie quotidienne][Le guide du routard][Les guides bleus][Littérature et sciences humaines][Littérature générale][Pluriel]
Emile Bouillon					Paris			
Hatier					Paris			[Brèves Littérature][Confluences][Connaissance des lettres][Les classiques pour tous][Nations d'Europe][Optiques / Philosophie]
Stock / IMEC					Paris			[Le livre de poche]
Seghers					Paris			[Comprendre Aujourd'hui][Ecrivains d'hier et d'aujourd'hu][Médecine et Histoire][Mémoire vive][Mots][Philosophes de tous les temps][Philosophie][Poésie 50][Poètes d'aujourd'hui][psychologie contemporaine][Savants du monde entier]
Librairie générale française / IMEC					Paris			[Le livre de poche]
François Maspero					Paris			[]["économie et socialisme"][Action poétique][Algorithme][Cahiers libres][Fondations][Petite collection Maspero][Textes à l'appui][Textes à l'appui][Théorie][Théorie II][Théorie III]
Editions Gonthier					Paris			[Médiations]
Siglo veintiuno editores						Mexique		[Coloquios de la fundacion][La creacion literaria][Psicoanalisis][Psicologia y etologia][Psicologia y psicoanalysis][teoria]
Deuxtemps Tierce					Paris			[Littérales]
Sens&Tonka					Paris			[Philo 10/vingt]
Alianza Editorial Mexicana					Mexico	Mexique		[][Biblioteca Iberoamericana]
Editions Rivages					Paris			[Bibliothèques Rivages][Cahiers du sud][Galerie][Littérature étrangère][Noir][Petite Bibliothèque Rivages][Psychanalyse][Rivages Thriller]
Armand Colin					Paris			["U"][CAC][Centre international de synthèse][Cursus][Philosophies pour l'âge de la sc][Revue de métaphysique et de mora][Sciences politiques][Synthèse][Théories][U 2][U prisme]
L'Harmattan					Paris			["Sémantiques"][Comprendre le Moyen-Orient][Ecriture et Transmission][Ecritures arabes][Etudes psychanalytiques][Généalogies de la psychologie][La philosophie en commun][Littératures][Nouvelles études anthropologique][Ouverture Philosophique][Psychanalyse et civilisations][Santé, sociétés et cultures][Trouvailles et Retrouvailles]
Les Belles Lettres					Paris			[Architecture du verbe][Bibliothèque de la Faculté de Ph][Bilingue][Collection d'études anciennes][Confluents][Confluents psychanalytiques][Encre marine][Etudes Anciennes][Figures du savoir][Histoire][L'âne d'Or][L'idiot international][La revue de l'Inde][La roue à livres][Le corps éloquent][Les classiques de l'Histoire de ][Les classiques de l'Humanisme][Les Textes français][Les trésor de la nouvelle de la ][Les universités de France][Signets]
Républications Paulet					Paris			
Meridiens Klincksieck					Paris			[Semiotique]
Grasset					Paris			[Biblio][Biographie][Figures][Les Cahiers Rouges][Les langues modernes / bilingue][Littéraire][Partage du savoir][Récit][Théoriciens]
Lysimaque					Paris			[Dialectique de la Psychanalyse][Histoire et concepts][Intension et extension de la psy]
Albert Skira					Genève	Suisse		[Le Goût de notre temps][Les sentiers de la création]
Union Générale d'Editions					Paris			[10/18][Les maîtres de l'étrange et de l]
University of  California Press					Berkeley	USA		
Cuadernos de Nombres					Cordoba	Argentine		
La Table Ronde					Paris			[Contretemps][Folio][La petite Vermillon][Les Chemins de la Sagesse]
Editions de l'aube					Tour d'Aigues	France		[Intervention][Monde en cours]
Eugène Fasquelle 					Paris			
Les Editions de Minuit					Paris			[Arguments][Autrement dites][Cahiers de Royaumont][Critique][Double][le sens commun][Paradoxe][Propositions][Reprise]
Editions Domat Montchrestien					Paris			
Editions de la maison des sciences de l'Homme de Paris					Paris			[Ethnologie de la France]
Presses Universitaires de Rennes					Rennes			[Cliniques psychologiques][Histoire]
L'Unebévue Editeur					Paris			[Cahiers de l'Unebévue]
Editions Montaigne								[Aubier][Philosophie de l'Esprit]
l'Âge d'Homme					Lausanne	Suisse		[Amers][Cistre Essai][Germanica][Le Bruit du Temps][Poche Suisse][Sphinx]
Horlieu					Lyon			
Odile Jacob					Paris			[Le champ médiologique][Opus][Poches][Psychologie][Sciences]
Fata Morgana						France		
Bossange, Père et Fils					Paris			
Atelier Alpha Bleue					Paris			
L'Ecole					Paris			
Hermann					Paris			[Actualités scientifiques et indu][Histoire de la pensée][L'esprit et la main][Psychanalyse][Savoir][Société et Pensées]
Librairie Vuibert					Paris			
Association Laplace-Gauss					Paris			
Editions Sociales					Paris			["Problèmes"][Essentiel][Les Classiques du Peuple][Oeuvres Complètes de Friedrich E][Terrains]
Jacqueline Chambon					Nîmes			[Rayon Philo]
L'éclat					Combas	France		[Patio Psychanalyse][philosophie imaginaire][Polemos][Tiré à Part]
Agone					Marseille			[Banc d'essais]
Mille et une nuits								[Essai][Les petits libres][Texte intégral]
Desjonquères					Paris			[Collection XVIIIe siècle][La mesure des choses]
Galien					Paris			
Jérôme Millon					Grenoble			[Atopia][Horos][Horos][Krisis][Mémoires du corps]
The Open Court Publishing company					La Salle	USA		
Climats					Castelnau-le-lez			[Micro-Climats]
Maloine-Doin					Paris			[Recherches interdisciplinaires]
Folio					Paris			[Essais]
CNRS éditions					Paris			[][][Conférences du Théâtre des Natio][Empreintes de l'homme][Etudes de paléographie hébraïque]
Le Robert					Paris			[L'Ordre des mots]
La découverte					Paris			[Armillaire][Documents][L'espace de l'histoire][Mouvements][Points][Sciences et société][Textes à l'appui]
Duculot					Paris			
Presses Universitaires de Lille					Lille			[Apparat Critique][Les cahiers de philologie]
Aubier					Paris			[Alto][Analyse et Raisons][Bibliothèque de Philologie Germa][Bibliothèque philosophique][Bibliothèque philosophique bilin][Bilingue][Bilingue des classiques étranger][Domaine Allemand Bilingue][Domaine anglais][Domaine anglais bilingue][Domaine Hispanique, bilingue][Historique][Homme de théâtre][L'Entendement Humain][La psychanalyse prise au mot][Les grands opéras][Les religions][Palimpseste][Philosophie][Philosophie de l'esprit][Présence et pensée][Psychanalyse][Recherches économiques et social]
L'Artisan du livre					Paris			[femmes pythagoriciennes]
Gedisa editorial					Barcelone 	Espagne		[][coleccion limites de la cienca][Psicoteca Mayor]
Marabout					Verviers	Belgique		[Album Marabout Scope][Bibliothèque marabout][Bibliothèque Marabout / géant][Marabout université][Psychologie]
Belin					Paris			["Le français retrouvé"][L'Antiquité au présent][Les aventures d'Anselme Lanturlu][Les Génies de la science][Nouveaux Mondes][Socio-histoires]
Bibliothèque publique d'information Georges Pompidou					Paris			[Etudes et recherche]
Alinea					Aix-en-Provence			[De la pensée]
Editions Universitaires					Paris			[Collection "je"][Emergences][Encyclopédie universitaire][Les enjeux de l'inconscient][Philosophie européenne][Psychothèque]
Bordas					Paris			[Encyclopédie][Histoire universelle 11][Philosophie présente][Pour connaître]
Le Serpent à Plumes					Paris			[Désordres][Motifs]
Les arènes					Paris			
Aubier / Flammarion					Paris			[Bilingue][La philosophie en effet][Oeuvres de William Blake][Palimpseste]
Presses Universitaire de Strasbourg					Strasbourg			[Cahiers du Séminaire de Philosop]
Editions de la braconnière-Neuchâtel					Neuchâtel	Suisse		[Langages, Documents]
Garnier Flammarion					Paris			[Etonnants Classiques][La littérature anglo-saxonne][Oeuvres de la littérature latine][Texte Intégral]
Delachaux et Niestlé					Paris			[Actualités pédagogiques et psych][Cahiers Théologiques][Cahiers théologiques de l'actual][Champs psychanalytiques][Civilisation et christiannisme]
Editions de la Maisnie					Paris			[Guy Trédaniel][Speculum Dei]
Transaction Publishers						USA		
Le Monde Editions					Paris			[Le Monde du Jazz]
Robert Laffont					Paris			[Biographies sans masque][Bouquins][Elle était une fois][Laffont Histoire][Le cycle Sherlock Holmes][Les énigmes de l'univers][Les grands défis de l'esprit][Libertés 2000][Pavillons][Pluriel][Récit][Réponses][Totem][Vécu]
Ellipses					Paris			[L'humain et l'inhumain][Philo][Philo-philosophes]
Chronicle books					San Fransisco	USA		
La fabrique éditions					Paris			
Oxford University Press						USA		[Ideologies of desire][The World's Classics]
Librairie Felix Alcan					Paris			[Bibliothèque de philosophie cont][Bibliothèque de philosophie cont][Bibliothèque scientifique intern][Les Grands Philosophes][Nouvelle collection scientifique][Nouvelle encyclopédie philosophi]
Presses de l'Ecole Normale Supérieure					Paris			
Editions EHESS					Paris			
Revue du Palais de la Découverte					Paris			
Clancier-Guénaud					Paris			[Archipels][Colloque de Cerisy][Psychopée]
University Collège					Londres			
Editions d'Artrey					Paris			
Mercure de France								[Collection d'Auteurs étrangers][En direct][Le petit mercure][Le Temps retrouvé][Les Hommes et les Idées][Les plus belles pages][Mille et une femmes][Républications paulet]
Pratiques								
Perrin					Paris			[Histoire et décadence][Librairie Académique Perrin][Pluriel][Pour l'Histoire][Vérités et légendes]
Claude Tchou					Paris / Suisse			[Bibliothèque des introuvables][Le Livre de Chevet]
Institut synthélabo pour le progrès de la connaissance					Paris			[Les empêcheurs de penser en rond]
S.E.V.P.E.N					Paris			[]
Albert Blanchard					Paris			[L'Humanisme scientifique de dema][Librairie scientifique et techni]
Les presses de l'université Laval					Québec			
Hubert Nyssen / Actes Sud								
Laboratoires Delagrange / Synthélabo					Le Plessis-Robinson			[Les empêcheure de penser en rond][Les empêcheurs de penser en rond]
Henrichs					Paris			
MA éditions					Paris			[Les grandes encyclopédies][Les noms-Les thèmes-Les lieux]
Labor								[Quartier Libre]
Mille Sources								
Bruno Roy					Saint-Clément	France		[Fata Morgana / Scholies]
Larousse								[Classiques Larousse][La vie La légende][Langue et Langage][Langue française][Les dictionnaires de l'Homme du ][Nouveaux Classiques Larousse][Science de l' homme][Sciences humaines et sociales][Textes essentiels]
Le Graphe								[Les cahiers pour l'analyse]
La Pagina					Avellaneda	Argentine		[Secretos de Alcoba]
Seix Barral					Buenos Aires	Argentine		[Biblioteca Breve]
Ediciones Colihue S.R.L					Buenos Aires	Argentine		[Ensayos de punta]
Editions des Cendres					Paris			[De Trois en Trois]
Editions de la Différence					Paris			[Essais][La Vue le Texte][le milieu][Littérature][Minos][Orphée][Philosophia Perennis]
Magnard					Paris			[Textes et Contextes]
Giannerini Pierre-Louis								
Fondation Maeght					Paris			
Les auteurs et animal					Metz			[Revue Animal]
Gudrun						Islande		
Editions Parkstone					New -York	USA		
Presses universitaires de Vincennes					Paris			[Hors Cadre (Revue)]
Hatier Boivin					Paris			[Bibliothèque de philosophie]
Max Soulier						France		
Thames & Hudson					Paris			[L'Univers de l'Art][The World of Art]
Editions de L'Herne					Paris			
Le Grand Souffle Editions					Paris			
Fondo de Cultura Economica de Espana					Madrid	Espagne		[Los estudios de mujeres]
Lumen/Humanitas						Argentine		
Ediciones Gente de México					México	Méxique		
Lagusa						Mexique		[Ejercito del trabajo]
Servicio de publicaciones Universidad de Cadiz					Cadiz	Espagne		
Paidos					Buenos Aires	Argentine		[Espacios del Saber][Género y cultura][Orientacion Lacaniana][Psicologia Profundia]
Simurg					Buenos Aires	Argentine		
Iceland Review						Island		
Funacion Mexicana para la Salud Hepatica					Mexico	Mexique		
Gérard Lebovici					Paris			
Librairie José Corti					Paris			[Rien de commun]
Point Hors Ligne					Paris			[Fondation Européennes pour la Ps][Problèmes actuels de la psychana]
Editions du Grand Midi					Québec	Canada		
Calmann-Lévy					Paris			[Biographie][Diaspora][Essai / Histoire][Essai / Psychanalyse][Essai / Société][Génie et folie de l'homme][Liberté de l'esprit][Petite bibliothèque des idées][Petits traités][Temps et continents][Traduit de]
AREFPPI					Nantes	France		
Editions A.-G. Nizet					Paris			
Cedic / Fernand Nathan					Paris			
Septentrion						Québec		
Librairie Droz					Genève			[Publications Romanes et Français]
Princeton University Press								
William Heinemann					Londres			
Palgrave Macmillan						USA		
University of Minnesota Press						USA		[Cultural Studies of Americas]
Daedalus Publishing Company					Los Angeles 	USA		
Blackwell Publishing					Oxford	USA		
Pan Books					London	Angleterre		
Black Swan					Vancouver	Canada		
Penguin Books 						Angleterre		[Penguin Modern Classics][Penguin Popular Classics]
Granta Books					Londres	Angleterre		
Deutscher Taschenbuch Verlag					München	Allemagne		
Vintage Books						Grande Bretagne		
Routledge 					Londres	Grande Bretagne		[Tavistock Classics in the Histor]
Harvard University Press					USA	USA		
The University of Chicago Press						USA		
Cambridge University Press					Cambridge	USA		[Lewis Henry Morgan Lectures]
Ballantine Books 					New York	USA		
Standford University Press						USA		[Cultural Memory in The Present]
Temple University Press						USA		
EPEL					Paris			[Atelier][Cahiers de l'Unebévue][Cahiers de l'Unebévue][Des traces][Essais][L'Unebévue][Lacan][Les grands classiques de l'éroto][Monographie clinique][Revue critique de publications p][revue du Littoral]
Le Nouveau Commerce					Paris			
Klincksieck					Paris			[Bibliothèque du XXe][Bibliothèque française et romane][Etudes et commentaires][Histoire de l'art et iconographi][Initiation à la Linguistique][Philosophie de l'éducation]
Balland					Paris			[Le Livre de Poche][Modernes][Phares][Presses Pocket][Situations]
Editions Francois Bourin					Paris			[Essai]
Zulma					Cadeilhan			[Grain d'Orage][Le livre des changements]
Editions Labor					Loveral	Belgique		[Média]
L'Enseigne du Pot Cassé					Paris			
Aubanel					Paris			[paris]
Editions Champ Libre					Paris			
Librairie Orientaliste Paul Geuthner								[Annales du Musée Guimet][Fondation Frazer][Variétés sinologiques]
Dunod					Paris			[Inconscient et Culture][L'évolution psychiatrique][Monographie de l'Enseignement Ma][Psychismes]
Calligrammes					Grenoble			
A . et J. Picard					Paris			[Empreinte]
Cornell University Press					Londres	Grande Bretagne		
Columbia University Press					Columbia	USA		
Verso					Londres	Grande Bretagne		
Indiana University Press					USA	USA		
Pandora Press					Londres	Grande Bretagne		
Duke University Press					Durham	USA		[GLQ]
Continuum					New York	USA		
Rutgers University Press								
Cahiers Gai Kitsch Camp					Lille			[Question de Genre][Récits contemporains]
DLM editions					Montpellier	France		[Un sur Dix]
The Mit Press								
Editions Macula					Paris			[Argô][Argô][Deucalion][Macula Architecture]
Arléa					Paris			[Arléa-Poche][Arléa-Poche][Retour aux grands textes]
Parangon/Vs					Lyon			[Situations et Critiques]
La Marca					Buenos Aires	Argentine		[Biblioteca de la Mirada]
Editions Kimé					Paris			
Icon Books						Grande Bretagne		[Postmodern Encounters]
Springer-Verlag					New York	USA		[Hypothèses]
Librairie Jean Meyer								
Diderot Editeur					Paris	France		
TER					Mauvezin	France		[bilingue]
Editions de l'Aurore					Montréal			
Casterman					Paris			[Autre temps, autres mondes][Nouvelle Initiation Philosophiqu]
Escuela Nacional de Anthropologia e Historia								[Tesis Profesional]
Arcanes					Chatou	France		[Hypothèses][Les Cahiers d'Arcanes]
Editions Alive					Paris			
Perisse Frères								
Librairie Boyveau et Chevillet								
Editions EDL					Paris			[Géo]
Erès					Ramonville Saint-Agne			[Actes][Acutalité de la psychanalyse][Analyse laïque][Cliniques méditerranéennes][Des Travaux et des Jours][essaim][Expérience freudienne et recherc][Fiction psychanalytique][GREC][Hypothèses][La maison jaune][Littoral][Littoral. Essais en psychanalyse][Littoral. Fabrique du cas][Littoral. Traduction][Monographies de clinique psychan][Point Hors Ligne][Pratiques du champ social][Psychanalyse et Ecriture][Recherches et travaux en science][Savoirs et clinique][Scripta]
Argos					Chapeco	Brésil		
Editions Hoëbeke					Paris			
Adolphe Delahays					Paris			
Actes Sud					Paris / Arles			["Générations"][Domaine français][Hébraïca][La fabrique du corps humain][Lettres allemandes][Lettres anglo-américaines][Lettres hispaniques][Lettres indiennes][Lettres italiennes][Lettres japonaises][Lettres scandinaves][Mathématiques et société][Papiers][Sindbad][Thésaurus][un endroit où aller]
Al Manar					Paris	France		[Poésie]
Beauchesne					Paris			[Bibliothèque des archives de phi][Feuilles][Prétentaine]
L'Altiplano					Paris			[agit'prop]
RBA								[Biblioteca de Psicoanalisis]
Editions Allia					Paris			
Centre Culturel Français Timisoara					Timisoara	Roumanie		[Sur Exposition]
Le Pommier					Paris			
Editions Brepols					New York	USA		
Editions de Fallois					Paris			
Julliard								[Collège de France][Les Lettres Nouvelles][Littératures étrangères][Parages]
Editions Macula					Paris			[La littérature artistique][Propylées]
Editions desIris					Paris			
Les Phares								
Chatto and Windus					Londres	Grande Bretagne		
Editions Alternatives					Paris			
Imprimerie Nationale Editions								[Cahiers de la Société Asiatique][La Salamandre]
Pocket								[Agora / Les classiques][L'Age d'Être]
Vanji Malar								
José Corti					Paris			[DROSERA][Ibériques][rien de commun][Romantique]
Waanders Publishers					Amsterdam	Hollande		
Rijk Museum Amsterdam								
Université Paris 7					Paris			[Textuel]
University of Oklahoma Press						USA		
Philippe Picquier								[Labor][Picquier poche]
Editions Gaies et Lesbiennes								
P.O.L					Paris			[La collection]
GaiKitschCamp					Lille			[Cahiers][Curiosa][Question de genre][Question de genre]
Editions du Remue-Ménage					Montréal	Québec. Canada		
Editions Geneviève Pastre					Paris			[Les octaviennes / Essais]
Fides								[Perspectives de théologie pratiq]
Editions Abbeville					New York / Paris / Londres			[]
La dispute / Snédit								
InterEditions					Paris			[L'analyse au singulier]
Edition l'Age d'Homme					Lausanne	Suisse		[Cahiers Cistre]
Marcel Rivière et Cie					Paris			
Editions Rationalistes					Paris			
Librairie Germer-Baillère et Cie					Paris			
Société d' Editions Scientifique								
Delagrave					Paris			
Bazoges-en-Pareds					Bazoges-en-Pareds	France		
Desclée de Brouwer					Paris			[Bibliothèque d'études psycho-rel][Bibliothèque de neuro-psy de lan][Temps et Contretemps][Textes Newmaniens]
Horay					Paris			
Persona								[Témoignage]
Editions Blanches					Paris			
Editions Autrement					Paris			[Histoire(s) au singulier][Mutations]
Honoré Champion Paris					Paris			[Confluences- Champion][Les Dix-huitièmes Siècles]
Editions Trismégiste								[sexulaité orientale]
Ecole des Hautes Etudes en Sciences Sociales					Paris			[Civilisations et Sociétés][Purusârtha]
Stéphane Michaud Editeur								
Editions de l'Olivier					Paris			[Marges][Penser / Rêver]
Edition Etudes Freudiennes					Paris			[Etudes freudiennes][Hors Série]
La Dispute								
Georg Editeur								[Le Bloc-Notes de la Psychanalyse]
Galaade Editions								[Retrouvailles]
Jean-Michel Place					Paris			[Collection Complète][La maison des arts de Laon][Revue d'Esthétique][Surréaliste][Vice versa]
Papyrus								
Editions Syllepse					Paris			[Matériologiques][Nouvelles questions feministes]
Jean-Jacques Pauvert					Paris			[Essai][Libertés]
La Rouergue / Chambon					Rodez			
Editions à Rebours					Lyon			
Editinter					Soisy-sur-Seine 			
Editions Balzac					Baixas	France		[L'Histoire de l'Oeil / Curiosa]
Edouard Privat								[Bibliothèque Méridionale]
Editions de Paris Max Chaleil					Paris			
Weber								
Phebus								[d'ailleurs][D'aujourd'hui][D'aujourd'hui étranger][Domaine d'Oc][Domaine japonais][Domaine turc][Libretto]
Editions Les Solitaires Intempestifs					Besançon			[Essais][Traductions du XXIe siècle]
Editions Tisseau					Bazoches-en-pareds (Vendée)			
L'Orante						Paris		[Fayard / Orante]
Mouton & Co								[L'Homme]
Raisons d'agir								
Seuil/Gallimard					Paris			[Hautes études]
Aedelsa 					Lyon			
L'Herne								[Bibliothèque des mythes et des r][Carnets de L'Herne][Méandres]
Editions Amsterdam					Paris			
Athenas Ediciones					Athènes	Grèce		[Paginas Lyircas]
Publish or Perish, inc								[Mathematics Lectures Series]
Edition de la Fondation Egyptologiqe Reine Elisabeth					Bruxelles			
Loeb Classical Librabry								
Editions du Raisin								
Editions Nauwelaerts								[Publications de la faculté des l]
Librairie des Bibliophiles								[La Philosophies Materialiste au ]
Georg Olms Verlag						Allemagne		
Les Flohic								[Ecritures][Musées Secrets]
Ediciones Literales					Cordoba	Argentine		[El cuenco de plata]
Tavisitock Publications						Grande Bretagne		[Classics in the History of psych][Mind & Medicine Monographs]
Editions Anthropos					Paris			[psychanalyse]
Editions Garnier Frères					Paris			[][Classiques Garnier][J.-J. Pauvert][Jean-Jacques Pauvert]
Monash University Museum of Art								
Ecole de la cause freudienne					Paris			[Bilbiothèque de l'Ecole de la Ca][Les Documents de la Bibliothèque][Rue Huysmans][Scilicet]
Letra Viva / Libreria Editorial					Buenos Aires	Argentine		[Imago]
Le Semeur Editions								[Le semeur]
Edizioni del Galluzzo								[Estratto]
Cassino					Rome	Italie		[]
Pleine Page Editeur								[Arts, littérature et langage du ]
EDELP					Cordoba	Argentine		[Cuadernos de Litoral][Documentos][Ecole lacanienne de psychanalyse]
Ediciones psicoanaliticas de la Letra					Mexico	Mexique		[EPEELE]
Companhia de Freud Editora					Rio de Janeiro	Bresil		
El Cuenco de Plata								[Ediciones literales][El libertino erudito][Extraterritorial]
Editoriale Pomaire 					Venezuela	Venezuela		
Thomas Laurens								
Moscou					Moscou	Russie		[Initiations aux mathématiques][Littérature soviétique, oeuvres ]
Berg International Editeurs					Paris			
Les Editions ESF								[Science de l'éducation]
RETZ								[Les classiques des sciences huma]
Letras Cubanas								
Universidad Nacional Autonoma de Mexico					Mexico	Mexique		[Monografias]
Editions aden					Bruxelles	Belgique		[interlude]
Editions Solar					Paris	France		
Laboratoires Delagrange					Paris			[Les empêcheurs de penser en rond]
Encre Marine					Fougères			
Librio								[Inédit]
Editions Joelle Losfeld					Paris			[Arcanes]
Etudes Augustiniennes					Paris			
Bilbiothèque Berger-Levrault					Paris			[Stratégie]
Paul Geuthner Editeur								
Editions Alain Lefeuvre					Nice			[Connaissance de l'étrange]
Nagel								[Pensées]
Centre de Documentation Universitaire					Paris			[Les cours de Sorbonne]
Alpha Bleue					Alger	Algérie		[Sciences humaines]
Editions en langues étrangères					Pékin	Chine		
Alfred Costes Editeur					Paris			
Maison Mame								[Repères]
Gordon & Breach					Paris / Londres / New York			[Le temps philosophique][Réimpressions G+B]
Editions Métailié					Paris			[Bibliothèque anglo-saxonne][Bibliothèque brésilienne][Bibliothèque hispano-américaine][Suites]
Ediciones Era					Mexico	Mexique		[Arte Mexicano][Biblioteca ERA]
Coimbra Editora					Coimbra	Portugal		
Le Club français du Livre								[Portraits de l'Histoire][Privilège]
MAME								[Les grandes religions du monde][Repères][Sciences humaines et idéologies]
Editions Complexe					Paris			[Dialectiques][Historiques][Le regard littéraire][Textes]
Typographie de Firmin Didot Frères								
Harcourt, Brace & Cie					Nex York	USA		
Editions Assouline					New York	USA		
Les Presses de l'Université d'Ottawa					Canada			[Philosophica]
Le Passage Editions					Paris-New York			
Ramsay / Jean-Jacques Pauvert					Paris			
Arfuyen 					Orbey			
Editions Carrere					Paris			[Jean-Jacques Pauvert]
Max Milo Editions					Paris			[L'esprit de Spinoza]
Le Collège Supérieur					Lyon			
L'insomniaque								
Other Press								
Planeta de Agostini						Espagne		[Los Clasicos de Grecia y Roma]
Fondo de Cultura Economica de Argentina					Argentine			[Seccion de Obras de Politica]
Casa do psicologo livraria e editora					Sao Paulo	Brésil		[Clinica psicanalitica]
Ediciones de la Urraca					Buenos Aires	Argentine		
Editorial Me Cayo El Veinte						Mexique		[][Me Cayo El Veinte Revista][Textos]
Epeele					Mexico			[Fabrica de casos / casos en fabr][Libros de artefacto][Litoral]
Editions Chrysis					Evreux			
Editions Luc Pire					Bruxelles	Belgique		[Que / Récit]
Lituraterre						Australie		
Editorial Biblos								
Editorial Pieatierra								
ECP					Paris			
Centro Cultural Espagna 					Cordoba	Argentine		
Azul					Saint-Mandé			
Editions de la Pensée Moderne					Paris			
Scienceinfuse								
Editions Ombres					Toulouse			
Copernic					Paris			
Editions du Sablier					Paris			
Editions Mengès					Paris			[Destins]
Ediciones G.P. 					Barcelone	Espagne		[Quien Fue...]
Editions de l'Encyclopédie des Nuisances					Paris			
Pre-Textos					Valence	Espagne		
Alain Moreau 					Paris			
Editions de l'Association Lacanienne Internationale					Paris			
ELP					Paris			[Butin de l'ELP]
La Tercera								[Desatinos]
Editorial Sedimentos					Buenos Aires	Argentine		[Poubellication]
Javier Vergare Editor barcelona					Barcelone	Espagne		
Editions j'ai lu					Paris			[J'ai lu en images]
Le Livre de Poche					Paris			[Art][Biblio / essais][Bilbio][Cahier de l'Herne][Classique][EDMA][Historique][Illustré / Texte intégral][La pochothèque][Les langues modernes / Bilingue][Lire en Anglais][Policier][Texte intégral]
Le Passeur-Cecofop					Nantes			
Presses de Sciences Po								
Editions Pleins Feux					Nantes			[Auteurs en questions][Lectures]
Imec								[10/18][L'Edition contemporaine]
La Salamandra Milan					Milan	Italie		
François Beauval éditeur					Suisse			
JC Lattès					Paris			
Bartillat 					Paris			
Le Castor Astral					Bordeaux			[Les Inattendus]
Didier Devillez Editeur					Bruxelles	Belgique		
Buchet/Chastel					Paris			[Musique]
Argol Editions					Paris			
Criterion					Paris			
Anthropos					Paris			[Anthrpologie][L'homme et la société][Poche psychanalyse][Psychanalyse]
Didier Erudition					Paris			[Linguistique 16][traductologie 1]
Les Presses de la Cité					Paris			
Lignes					Paris			[Revue Lignes]
Cahiers d'Histoire					Paris			
Corlet-Marianne					Condé-sur-Noireau			[Panoramiques]
EDK					Paris			
Le Diable Probablement					Paris			
Alternatives économiques					paris			
Revue des Sciences Humaines					Lille			[RSH]
Thomé et Léger					Paris			
Guillaumin et Cie					Paris			
Greenwood Press					USA			
Presses Pocket					Paris			[Agora][Agora]
Gauthier-Villars					Paris			[Les maîtres de la pensée scienti][Logique Mathématique]
A.G. Nizet 					Paris 			
Topologie En Extension					Paris			
Jean-Paul Rocher					Paris			[Les fruits défendus]
Eshel					Paris			[La question][Remise en question]
Navarin						France		[Analytica][Bibliothèque des Analytica][Cliniques][L'Homme][Osiris][Psychanalyse au CNRS][Studiolo]
Inconnu								[Mésopotamie]
Sud					Marseille			[Sud]
Martinus Nijhoff					La Haye			[Phaenomenologica]
Basil Blackwell 					Oxford	Grande Bretagne		
La Lettre volée					Bruxelles	Belgique		[Essais]
Association Freudienne Internationale					Paris			[][Le Discours psychanalytique]
"Après"					Paris			
La lettre lacanienne, une école de la psychanalyse					Paris			[Des cahiers pour une école]
Lieu Commun					Paris			[Essai][Mémoires]
Ediciones del Seminario					Buenos Aires	Argentine		[filigrana]
Mentha / Archimbaud						France		
Editions Le Pli Orléans					Orléans			
Virago Press 					Londres	Grande-Bretagne		
Z'éditions					Nice			[Le SINGLETON][Tuché]
Césura Lyon Edition					Lyon			[Psychanalyse]
Universidad de San Buenaventure Cali 						Colombie		
Peeters Louvain								
Oficio Analitico						Argentine		
Homo sapiens					Rosario	Argentine		[La clinica en los bordes]
Hogarth Press and the institute of psycho-analysis					Londres	Grande-Bretagne		[The international psycho-analyti][The international psycho-analyti]
Maria Lopez					Mexico	Mexique		
Le Cavalier Bleu								
Imago publishing co. ; LTD					Londres	Grand Bretagne		
Fontana Press 					Londres	Royaume Uni		[Fontana Moderns Masters]
Lugar					Buenos Aires			
Quadrangle 					New York			
Ediciones del Serbal 					Bracelone	Espagne		[Antigona]
Russell					Buenos Aires	Argentine		
Privat					Toulouse			["Nouvelle Recherche"]["Résurgences"][Bibliothèque de Psychologie Clin][Bibliothèque historique Privat][Bibliothèque internationale de p][Bibliothèque internationale de p][Domaines de la psychiatrie][L'évolution psychiatrique][L'information Psychiatrique][Pensée][Regard][Revue d'esthétique][Rhadamanthe][Rhadamanthe]
Afrique Orient 					Casablanca	Maroc		
Imago LTDA					Rio de Janeiro	Brésil		
L'Esprit du Temps 					Bordeaux-Le-Bouscat			[Perspectives psychanalytiques][Perspectives psychanalytiques][Santé]
Grune & Stratton					New York	USA		
Association Freudienne 					Paris			
Ortega y Ortiz 					Mexico	Mexique		[Artefactos]
Solin					Paris			
Universidad Iberoamericana Leon					Mexico	Mexique		
Edité par ses amis								
Mengès						France		[Destins]
Agalma					Paris			[Le paon]
Letra Viva / Edelp								
Asociacion Psicoanalitica Argentina					Buenos Aires	Argentine		[Revista de Psicoanalisis][Revista de Psicoanalisis]
Universidad Autonoma del Estado de México					Mexico	Mexique		[Luis Mario Schneider]
Armella 					Mexico	Mexique		[Fundacion Mexicana de Psicoanali]
Eleia					Mexico	Mexique		
Editions Comp'Act					Chambéry			[Scalène]
Serge Plantureux					Paris			
Association Psychanalytique de France					Paris			
P.A.U. éducation								
Movimiento Psicoanalitico de Medellin								
Editions du centre Saint-Germain-Des-Prés								
Ecole Pratique des Hautes Etudes					Paris			[Documents / Rapport / Chronique]
EPM/ SWProduction								[Portrait]
Librairie Générale Française					Paris			[Le Livre de Poche][Les langues modernes / bilingue]
Universidad Autonoma de Nuevo Léon								
Editorial Psycoanalitica de la Letra 					Mexico	Mexique		
Kliné						Argentine		
Tchou					Paris			[Bibliothèque des introuvables][psychanalyse]
The Freud Museum Editions					Londres			
Diskord					Londres	Royaume Uni		[The Freud Museum]
Karnac								
Dörlemann					Zurich	Suisse		[Biographie]
La cootypographie					Asnières			[Téléciné]
VillaRrose					Paris			[]
Quai Voltaire					Paris			
Calbido de la Capilla Real					Grenade	Espagne		
La Pensée Sauvage								[Bibliothèque d'ethnopsychiatrie][Corps et Psychisme][Nouvelle Revue d'Ethnopsychiatri]
Guerini e Associati 					Milan			[Ricerche]
Masson et Cie					Paris			[Livre annuel international][Médecine et psychothérapie][Travaux et mémoires de Montpelli]
Presses Universitaires du Mirail					Toulouse			[Découverte Freudienne]
Dante					Mexico	Mexique		[Mono-Gramas]
Hommes et Perspectives					Marseille			[Le journal des psychologues]
Evel					Paris			
Association pour la Fondation Henri Ey 					Perpignan			[Cahiers de psychiatrie]
Jorge Zahar					Rio de Janeiro	Espagne		[Transmissao da Psicanalise]
Editorial Brujas					Cordoba	Argentine		
University of New York Press					New York	USA		
Macmillan Company					New York	USA		[Let's Go]
Mazarine / Opera Mundi					Paris			
Egales Editorial								["G"]
Letra Viva Libros								
Biblioteca Nueva					Madrid	Espagne		[Psicoanalisis y Sociedad]
Scarabée et Compagnie					Paris			
Joseph Clims 					Paris			[][Le Discours Psychanalytique][Le Discours Psychanalytique]
Adrian Hidalgo					Buenos Aires	Argnetine		[La lengua / Novela]
ATUEL 					Buenos Aires	Argentine		[Anafora][Coleccion del Circulo]
Letra Viva / Ediciones Lecol								
Editions AGEP					Marseille			
Libros del Zorzal					Buenos Aires			
Ariel					Buenos Aires	Argentine		[Biblioteca del inconsciente]
SIMEP					Villeurbanne			
Confrontation								
Lucien Souny					Limoges			
Beacon Press					Boston	USA		[Women's studies / Gay and Lesbia]
?								["Le sac de sel"]
Japan UNI Agency					Tokyo	Japon		
Savelli					Paris			[Documents critiques]
Corregidor 					Buenos Aires	Argentine		[Obras completas]
Fisher Verlag					Frankfort	Suisse		
International Universities Press (New York)					New York	USA		
Rochevignes					Paris			[L'inconscient à venir]
Psych' Ass Editions								
Jacques Grancher					Paris			[]
Random House					New York	USA		
Folios Ediciones					Buenos Aires	Argentine		
Dawson & Sons					Londres	Grande Bretagne		[Psychiatric Monographe Series]
Des femmes. Antoinette Fouque					Paris			[Biographie]
Laffont / Tchou								[Les grandes découvertes de la ps]
EPPAL					Montevideo	Uruguay		[Biblioteca de psicoanalisis]
Ediciones Trilce					Montevideo	Uruguay		[Desafios]
Jean-Pierre Delarge					Paris			[Nouvelle Psychothèque]
Aubier Montaigne					Paris			[Collection bilingue][Ecrits sur la parole][La chair et l'esprit][La psychanalyse prise au mot][Philosophie de l'esprit]
Basic Books					New York	USA		
François-Xavier de Guibert 					Paris			
Pierre Mardaga					Bruxelles	Belgique		[Architectures + Archives][Pyschologie et sciences humaines]
EPEL & Buchet/Chastel					Paris			
Manucius					Houilles	France		[Le Marteau Sans Maître]
Catalogos 					Buenos Aires			
Editorial Trieb					Buenos Aires	Argentine		[Lo inconsciente]
La Terrasse de Gutemberg								
Amorrortu 					Buenos Aires	Argentine		
Desclée de Brouwer / Epi					Paris			
The Norton Library 					New York	USA		
Editions du Sagittaire					Paris			
University of Notre Dame Press					Londres			
Pierre Belfond					Paris			[Documents pour l'analyse][Documents pour l'analyse][L'Histoire au présent]
Georg & Cie					Genève	Suisse		
Lustre Press / Roli Books					New Delhi	Inde		
Place des éditeurs								[Presses de la Cité / Points]
E.N.S 					Lyon			
American Products Publishing Company 					Beaverton	USA		
OJD								[Sciences et avenir]
Caractères					Paris			
Théâtre des Champs Elysées					Paris			[Le Libre Opéra]
Editions Cartouche					Paris			
Bulletin de la Convention Psychanalytique					Paris			
Vacarme					Paris			
The New England Journal of Medicine								
Bash					Paris			[Nouveaux traitements]
Société d'Histoire du Théâtre					Paris			[Revue d'histoire du théâtre]
Opéra national du Rhin								
Théâtre Ouvert					Paris			
Caisse des Dêpots					Paris			
La Vie-Le Monde								[Courrier International]
Surabhi Prakash						Inde		
The Art Gallery					Thanjavur	Inde		
Trotta					Madrid	Espagne		[Estructuras y procesos]
Anthropos					Mexico	Mexique		[Cultura y diferencia]
Nicolas Chaudun					Paris			[Musée Rodin]
Seven Sept					Paris			
Kunstraum								
CEDREF					Paris			[Les Cahiers du cedref]
Presses Universitaires de Lyon					Lyon			
letra viva								
Letra Viva								[Imago Agenda][La clinica en debate]
Xavier Boveda Ediciones								
Digraphe					Paris			
Manantial					Buenos Aires	Argentine		[estudios de psicoanalisis][Los Ensayos][Quehacer del psicoanalista][Sexualidades]
Editions Des Femmes					Paris			
Denoël / Gonthier					Paris			[Médiations]
Herder					Barcelone	Espagne		
Editions des Grandes-Têtes-Molles de Notre Epoque					Paris			[Le minautore][Petite bibliothèque de psychana]
Les machines à illusion					Paris			
AREP					Orléans			
Electre								
JGH					Mexico	Mexique		[Libros de artefacto]
Ediciones de la Noche					Mexico	Mexique		[Psicoanalisis, lingüistica y Fil]
Séguier					Paris			
Topia					Buenos Aires	Argentine		[Psicoanalisis, Sociedad y Cultur]
Presses Universitaires de Nancy					Nancy			[Germaniques][Psychologie et psychanalyse]
Tusquets					Barcelone	Espagne		[Andanzas][Andanzas]
Le Cercle								[][Essais]
Eric Losfeld					Paris			[Le Désordre]
UAQ					Mexico	Mexique		
Norton & Company					London / New York			
Mentha								[De L'Homme]
Anagrama					Barcelone	Espagne		[Narrativas hispanicas][Panorama de narrativas]
Cuadernos del Pasador					Buenos Aires			
Joseph Clims / Denoël					Paris			
Pour l'Autisme					Paris			
Les Empêcheurs de penser en rond / Le Seuil								
Oficio Analitico					Buenos Aires	Argentine		
Paradiso					Buenos Aires	Argentine		
Des femmes					Paris			
Librairie Le François					Paris			
Ludd					Paris			
Ediciones el mono de la tinta					Buenos Aires	Argentine		
Stock / Monde Ouvert					Paris			
Artclair					Lille			[L'Oeil]
SFPA					Paris			
Société d'éditions scientifiques								[La Recherche]
Standford University Press						USA		
Cassell					Londres			
Diane de Selliers Editeur					Paris			
Prometheus Books					New York	USA		
British Film Institute					Londres			
Leopold Museum					Vienne			
Chrysis					Evreux			
L'Arche					Paris			[Collection du Répertoire][Psyché][Répertoire pour un théâtre popul][Scène ouverte][Théâtre national populaire]
Noriega					Mexico	Mexique		
BEAS					Buenos Aires			[Nuevo Saber]
William Blake & Co.					Bordeaux			
Constantin Sinelnikoff					Nice			
Karthala					Paris			
Fayard / Galilée								
Yauguru								[93]
El psicoanalisis en el siglo					Cordoba	Argentine		
Fundacion Descartes					Cordoba	Argentine		
Tekne					Buenos Aires	Argentine		[Psicologia y psicoanalisis]
Le Pli								[Clinique et Création]
Lumen					Buenos Aires			[Palabra Menor]
Jean-Louis Aupetit					Paris			
Stock / Laurence Pernoud								
Navarin / Seuil								[Bibliothèque des Analytica]
LecTour					Buenos Aires	Argentine		
Briest - Le Fur - Poulain - F. Tajan					Paris			
Artcurial					Paris			
Editora Campus					Rio de Janeiro	Brésil		
De La Campana					Campana	Argentine		
Sello de agua, Instituto de cultura de Morelos / CIDHEM								[Ensayo]
Universidad Autonoma de Querétaro					Mexico	Mexique		[Psicologia]
Victor Masson et Fils					Paris			
Bechet Jeune					Bruxelles			
Librairie Maloine					Paris		- Bibliothèque se neurologie et psychiatrie	[Bibliothèque de neuro-psychiatri][Bibliothèque de neurologie et ps][Les petits précis]
Rue et hotel Serpente					Paris			
Guillaume Cavelier								
Radot					Paris			
EPEL / GREC								
Librairie scientifique et philosophique					Paris			[Bibliothèque des sciences modern]
Octave Doin					Paris			
La Bibliothèque d'Ornicar					Paris			
Gérard Monfort					Paris			[Imago Mundi]
Le Hameau	Paris				Paris			
Le temps qu'il fait								
Jacques Gabay					Sceaux			[Discours de la méthode]
Alpha-Fnac					Anvers	Belgique		
Frénésie					Paris / Penne-d'Agenais			[Insania][Insania]
CEPL / RETZ					Paris			[Les classiques de la psychologie]
Caille et Ravier					Paris			
Asselin et Houzeau					Paris			
Calpe					Madrid			
Doin & Cie					Paris			[Actualités de Médecine Pratique][Les consultations journalières][Les consultations journalières]
Vigot Frères					Paris			[Les perversions sexuelles]
Steinheil					Paris			[Dégénérescence mentale et hystér]
Delahaye et Lecrosnier					Paris			
Specia					Paris			
Institut Metapsychique International					Paris			
Préfecture de la Seine								
Plon, Nourrit & Cie					Paris			
Eudiaque					Paris			
Henri Durville					Paris			
Frison-Roche					Paris			[Psychopathologie fondamentale]
Blusson					Paris			
Ollier-Henry					Paris			
Librairie des Deux-Mondes					Paris			
Jouve & Cie					Paris			
Masson					Paris			[Histoire et psychiatrie de l'Hôt][La sphère psychique][Langue et civilisation anglo-amé][Médecine et psychothérapie]
AARPC					Saint-Germain en Laye		AARPC : Association pour l'Aide à la Recherche en Psychopathologie Clinique	
Synthélabo					Le Plessis-Robinson			[Les empêcheurs de penser en rond]
INSERM								
Rueff et Cie					Paris		- Bilbliothèque médicale Charcot-Debove	[][Bilbliothèque médicale Charcot-D]
Germer Baillière					Paris			
Baillière et Fils					Paris			[Médecine et figures du passé][Travail du service du Dr Deny, à]
Editorial Fundamentos					Madrid	Espagne		[Ciencia]
Actes Sud / 3CA					Arles			
Maurice Nadeau					Paris			[La quinzaine littéraire]
Cénomane					Le Mans			
Charles Boehm					Montpellier		- Clinique médicale de l'Hopital Saint-Eloi	[Clinique médicale de l'hopital][Clinique médicale de l'hopital]
Pimlico					Londres	Grande Bretagne		
Laffitte Reprints					Marseille			
Le Léopard d'Or					Paris			
Editions Du Temps					Paris			[Esquisses]
Sciences en Situation					Paris			
UNICEF					Levallois-Perret			
Editions de Santé					Paris			[Humanités]
Louis Pariente					Paris			
Presses de la Renaissance					Paris			[Les nouvelles étrangères]
Nauwelaerts					Louvain / Paris			[Pathei Mathos]
Rossel Edition					Paris			
Lyse-Ornicar ?								[La Bibliothèque d'Ornicar ?]
Delarue					Paris			
Herscher					Paris			[FORMAT / art]
Editions des Eaux Claires					Paris			
El Colegio de Michoacan					Zamora	Mexique		
Doin & Fils					Paris			[Testut]
Michel Robert							 Asso des Auteurs Autoédités (AAA)	
Bréal					Rosny			[Collection de psychologie]
Aronson					New York / Londres			
Joseph Clims								[L'éclat du jour]
Steinheil					Paris			[Un cas littéraire de délire d'in]
Richard, Caille et Ravier					Paris			
Brosson					Paris			
Bibliopolis					Paris			
Paréiasaure théromorphe					Poitiers			[Les Trésors du Second Rayon]
Librairie Germer Baillière					Paris			[Bibliothèque scientifique intern]
Trevisse					Paris			
L'Atelier de l'Archer								[Question de temps]
Editions des musées de la Ville de Paris					Paris			
SARL Centrale Enchère								
Arthème Fayard					Paris			[Je sais - je crois][Les grandes études historiques][Mille et une nuits]
Jean Paul Bayol					Paris			
Laboratoires Janssen								
Actualités Psychiatriques					Le Plessis Robinson			
L'information Psychiatrique								
Didier					Paris			[Les classiques de la civilisatio][Les classiques de la civilisatio]
Institut Ramon Llull					Bracelone	Espagne		
Univers Poche					Paris			[Pocket]
Ediciones Recovecos					Cordoba	Argentine		[Enseyos]
Editions de Cluny					Paris			[Bibliothèque classique de Cluny][Bibliothèque de Cluny]
Editions du Rouergue					Rodez			
Actes Sud / Leméac					Arles / Montréal	France / Canada		[Babel]
Editions de l'Aire					Vevey	Suisse		[Agora][Dossiers Z]
Jean-Claude Simoën					Paris			
Instituto Alicantino de cultura Juan Gil-Abert					Alicante	Espagne		[Ensayo e investigacion]
Les formes du secret					Paris			
Pocket Books					New York			
Jean-Claude Lattès								[Les Petits Livres Précieux]
Editions Blanche					Paris			[Trouble d'ailleurs]
Editions 10 / 18					Paris			[Domaine étranger][Grands détectives]
Editions de l'Erable					Genève	Suisse		[François Beauval][François Beauval]
Garnier					Paris			[Classiques Garnier][Lectures érotiques de Jean-Jacqu][Les livres qui ont fait le monde]
Petrelle					Paris			
Art et arts					Bordeaux			
Théodore Balmoral					Orléans			[][Le monde est là]
Biro Editeur					Paris			[Arcane 17][Domaine Germanique]
Horay					Paris			
Zoé / éditions de l'aube								
Ediciones Siruela					Madrid	Espagne		[La biblioteca de Babel]
Obsidiane								[Vif d'Enclume]
La passe au vent								
Lecturas 18 Mexicanas					Mexico	Mexique		
Tristram					Auch	France		
Cheval d'attaque					Paris			
El Colegio de México					Mexico	Mexique		
Le chemin vert					Paris			
Editions UNESCO					Paris			
Alberto Corazon					Madrid			[Visor de la poesia]
Chancellor Press					Londres	Grande Bretagne		
La bibliothèque privée					Paris			
Le Terrain Vague					Paris		Capitaine C. Devereux de l'Etat-major	[Capitaine C. Devereux de l'Etat-][Le désordre - Hors série]
Ediciones Ibericas					Madrid	Espagne		[Biblioteca de Bolsillo]
Denoël / Steele					Paris			
Espasa Calpe, Barcelone								[Biblioteca Austral]
Panamericana Editorial					Bogota	Colombie		
Les Editeurs Français Réunis					Paris			
Les Lettres Modernes					Paris			[Archives des lettres modernes]
Théâtre du Soleil								
Anne Carrière					Paris			
Editions L. Mauguin					Paris			
Interzona Latinoamericana					Buenos Aires	Argentine		
Furne, Jouvet et Cie					Paris			
Signet Book					New York	USA		
Torres Agüero					Buenos Aires	Argentine		
Editions Joca Seria					Nantes			[Nantes]
Ediciones del Lirio					San Juan Xalpa	Mexique		
Théâtre national populaire								[Petite salle. Salle Gemier][TNP]
Fédérop					Gardonne	France		
Charpentier et Cie					Paris			[]
Alcion Editora					Cordoba	Argentine		
Universidad Autonoma de Puebla, Puebla, Mexique								[Filosofica]
Résonances					?			[Les alluvions séculaires]
Alfred Mame et Fils					Tours			[Collège de Dieppe]
Albatros					Paris			["ça / cinéma"][ça cinéma]
Editions Spirale					Montréal	Québec		
Editions de Fallois/L'Âge d'Homme					Paris 			
Salvy								
Les Editions du Point du Jour								
Safrat								[Romans oubliés]
Nelson								
Mazarine								
Boréal					Québec			
L'Arbalète								
Pomaire								
Universidad Diego Portales					Santiago	Chili		
Amand Girard					Paris			[La glaneuse]
Francisco A. Colombo					Buenos Aires			
Editorial Altamira					Buenos Aires			
Tauchnitz Edition								[British and american authors]
Visor Libros, Madrid								[Palabra de Honor]
Ediciones Monte Carmelo					Mexique	Mexique		
Ides et Calendes								
Editorial Argonauta					Buenos Aires			[Biblioteca de diseno]
Editions d'Aujourd'hui					Paris			[Les introuvables]
Henri Veyrier					Paris			
Nova Aguilar					Rio de Janeiro	Brésil		[Biblioteca Luso-Brasileira]
La Nuée Bleue/J.-C. Lattès					Strasbourg / Paris			[Littératures allemandes]
Famot					Genève	Suisse		
Jacques Bertoin					Paris			
Claire Paulhan					Paris		Littératures autobiographiques	["Pour mémoire"]
Olivier Orban					Paris			
Claudio Garcia					Montevideo	Uruguay		[Libros Uruguayos]
Arca / Calicanto					Andes	Uruguay		
Panther book					Londres	Grande Bretagne		[Panther Crimeband][Panther Modern Fiction]
L'Entreligne								
Vernal / Philippe Lebaud								
Edito-Service					Genève	Suisse		[Les causes célèbres]
Bassac					Bassac (Charente)			[Petite Librairie du XIXe siècle]
Publications Orientalistes de France					Paris			[Arts de l'Inde][Les oeuvres capitales de la litt][Littératures d'Etranges Pays]
Scarabée & Co / A. M. Métailié					Paris / Paris			
Bernard Coutaz					Arles			
EUREDIF					Paris			[Aphrodite classique]
Grand Océan					Saint-Denis de La Réunion			[La Roche écrite]
Les Humanoïdes Associés					Paris			[L'Ange du Bizarre]
Robert Morel					Jas du Revest		Hautes Provence	
Dervy-Livres					Paris		- Chemins initiatiques de la Tradition occidentale	[Chemins initiatiques de la Tradi][Histoire et tradition][Trimégiste]
La Documentation Psychanalytique					Paris			[][Document de travail][Document de travail]
Trans-Europ-Repress								
Librairie Louis Arnette					Paris			[Faculté de médecine de Paris]
Imprimerie du Sud-Ouest					Toulouse			
Université Paris Nord					Bobigny			[Cahier]
La Guilde du Livre					Lausanne			
Samidzatt					Paris			[Samidzatt. Revue Littéraire]
Dalhousie French Studies					Halifax	Canada		[Dalhousies French Studies]
La Règle du Jeu					Paris			[La Règle du Jeu]
Gallimard et Comédie-Française								[Soirées Littéraires]
Verticales					Paris			
Cahiers du cinéma					Paris			
Quill William Morrow					New York	USA		
Solin/Actes Sud								
Wordsworth Classics					Herts	Grande Bretagne		[Complete and unabridged]
The Viking Press					New York	USA		[The Viking Critical Library]
Librairie Stéréotype de Th. Dabo					Paris			
Baudouin					Paris			
Nouvelles Editions Oswald					Paris			
Désordres					Paris		Désordres / Laurence Viallet	
Deyrolle Editeur					Paris			
La Bibliothèque					Paris			
The Obelisk Press					Paris			
Domens					Pézenas			
Ramsay / Denoël								
Le Promeneur								[Le cabinet des lettrés]
La Délirante								
Liana Lévi					Paris			
Farrar, Straus and Giroux					New York	USA		
Les Cent Livres								
Maren Sell & Cie					Paris			
Actes Sud / L'Aire					Arles / Vevey	France / Suisse		
Ada Korn Editora					Buenos Aires	Argentine		
Au Diable Vauvert					Vauvert	France		
Taurus					Buenos Aires	Argentine		
Pehuén					Santiago	Chili		
Marc Aurel Frères					Valence			
Editions Féminines Françaises					Paris			[Les classiques français et étran]
Rageot éditeur					Paris			[Cascade]
Abrapalabra editores					Equateur	Equateur		
Direccion General de Publicaciones					Mexico	Mexique		[Memorias Mexicanas]
Jérôme Martineau					Paris			
Marval					Paris			[Lieux de l'écrit]
Fondo de Cultura Economica Mexicana					Mexico	Mexique		[Lecturas Mexicanas][Popular][Popular][Rio de Luz][Seccion de Obras de Antropologia]
Casa de la Cultura Ecuatoriana					Equateur		Pas de nom de ville mentionnée	[Hoy]
Editions de la Tournelle					Paris			[Les Anonymes]
Editions de Crémille					Genève	Suisse		
Les Solitaires Intempestifs					Besançon			[Traductions du XXIe siècle]
Périple					Paris			
POL / Mazarine								
Editorial Guayacan					San José	Costa Rica		[La imagen irrepresentable]
Bantam Books					New York	USA		
Actes Sud / Cité de la Musique					Arles / Paris			[Musiques du Monde]
Conaculta					Mexico	Mexique		[Practica Mortal]
Claridad					Buenos Aires	Argentine		
Librairie Ombres blanches					Toulouse			
Mermod								
Gallimard / Seuil								
Slatkine					Paris			
Les Cahiers Folle Avoine					Bédée	France		
Frederick Warne & Co					New York	USA		
Pierre Horay					Paris			
Editorial Abril					Buenos Aires	Argentine		[Clasicos Huemul][Clasicos Huemul]
Ediciones del Atlantico					Montevidea	Uruguay		[]
Grupo Editorial Norma					Santafé de Bogota	Colombie		[Cara Cruz]
Michel de L'Ormeraie					Paris			
Paris-Musées					Paris			[Capitale]
Flammarion/P.O.L								
Librairie P. Ollendorff					Paris			[Les grands romans]
Alliance Typographique					Bruxelles	Belgique		
Le bossu Bitor					Paris			
Bibliothèque des Arts					Lausanne	Suisse		
La Pensée Universelle					Paris			
Editorial Fundacion Ross					Argentine		Pas de nom de ville mentionné	
Le Dilettante					Paris			
EDUCA					San José	Costa Rica		[Septimo Dia]
Ivrea					Paris			
Editions de l'Attente					Bordeaux			
Tristam					Auch	France		
Fleuve Noir					Paris			
L'Ecole des Loisirs					Paris			[Neuf]
Secretaria de Educacion Publica					Mexico	Mexique		[Lecturas Mexicanas]
Léon Pichon					Paris			
Papiers					Paris			[Théâtre]
York Press / Longman					Berout / Essex			[York Notes]
La Bougie du Sapeur								
Edgar Malfère					Paris			[Galerie d'histoire littéraire]
Champ Vallon					Seyssel	France		[recueil]
P.A.U.					Barcelone	Espagne		
Club des amis du Livre progressiste					Paris			
Capitulo					Buenos Aires	Argentine		[Biblioteca argentina funadamenta]
Edicion Critica					Argentine			
Pascal Vercken					Paris			[Les carnets de Pascal Vercken]
In press					Paris			[Monde interne]
Civiles iletrados					Montevideo	Uruguay		[Naufragos]
Pablo de Herlagnez					Segovia	Espagne		
Delmas					Paris			
La Manufacture					Lyon			
Rougerie					Montemart	France		
Vuelta					Mexico	Mexique		
André Dimanche					Marseille			[Ryôan-Ji]
Bibliothèque Charpentier					Paris			[Classiques latins]
Pandora Editions					Aix-en-Provence			
Manya					Levallois-Perret			
Le Livre Plastic								
Sylvie Messinger					Paris			
Les éditions du Panthéon					Paris			
Le centurion					Paris			[Les interviews]
Nouvelles Editions Baudinière					Paris			[La Bibliothèque des terribles]
La Petite Ourse					Lausanne	Suisse		
Saumade					Montpellier			
Instituto de Cultura Juan Gil-Albert (Valence)								[Pre-Textos]
Marpon / Flammarion								[Des épopées nationales]
Arcane 17								[Cahier l'Envers du miroir]
Luisa G. Matosko								
Harenberg					Dortmund	Allemange		[Die bibliophilen Taschenbücher]
Le livre de vie					Paris			
Tallandier					Paris			[L'Histoire][Nouveaux aspects de l'Archéologi]
Editions Cujas					Paris			[Histoire et civilisation arabe]
Letouzey & Ané					Paris			[Sociomythologie comparée]
Marcelle Abagi							Compte d'auteur	
Adrien Maisonneuve					Paris			[L'Orient Ancien Illustré][Librairie d'Amérique et d'Orient]
Ediciones de la banda oriental					Montevideo	Uruguay		[Facultad de humanidades y cienci]
Mégard et Cie					Rouen			[Bibliothèque morale de la jeunes]
Children Press					Chicago	USA		
Olivier Perrin Editeur					Paris			
Free Press					New York	USA		
Franc-Tireur					Paris			
Geoffrey Bles					Londres	Grande Bretagne		
Olizane					Genève			[Espaces photographiques]
Smith, Elder & Co					Londres	Grande Bretagne		
Charles Scribner's Sons					New York	USA		
Stock / Laurence Pernoud								[Les femmes au temps de ...]
Douniol / Lecoffre Fils et Cie					Paris / Paris			
McGraw-Hill Book Company					New York	USA		
Dover Publications					New York	USA		
Zagier & Urruty					Buenos Aires	Argentine		
Editions P. F. Merckx					Bruxelles	Belgique		
Institut d'Ethnologie					Paris			[Travaux et Mémoires]
Payot / Nourry					Lausanne / Paris			
Editions de Vecchi					Paris			
Nathan								[L'éducation en France]
promodis								
Lehnert & Landrock succ. Editeur					Le Caire	Egypte		[Orbis Terrae Aegyptiae]
Editions du Quai, Jeanne Laffitte					Marseille			[Créativité et Folie]
Buddhist Publication Society					Kandy	Sri Lanka		[The Wheel Publication]
Fernand Hazan éditeur					Paris			[Abc]
Editions Delroisse / Vilo					Paris			
Ernest Leroux					Paris			[Bibliothèque égyptologique]
Firmin Didot Frères					Paris			[L'Univers]
Rupa & Co					New Delhi	Inde		
Dentu					Paris			[Exposition Universelle de 1867]
Inventaire général					Paris			[Documents et méthodes]
Somogy					Paris			
La Vieille Taupe					Paris			[Le citoyen]
EFAI					Londres	Royaume-Uni	EFAI : éditions francophones d'Amnesty international	
Les Amis des Cahiers Bleus					Troyes			[Les Cahiers Bleus]
Archeologia					Dijon			[Histoire et archéologie]
Les Editions Rosicruciennes					Paris			[Le Monde Inconnu]
Editions Critique et Raison					Paris			
United Bible Societies					London			
Editions Pierron					Sarreguemines	France	Editeur et imprimeur	
Monclem Ediciones / Bonechi					México / Florence			[Edition Française]
Aux quais de Paris G. Kogan					Paris			
Les Presses de Taizé					Taizé	France		
EUDEBA S.E.M.					Buenos Aires	Argentine	Fundada por la universidad de Buenos Aires	
Les Editions Provencia					Toulon			[Le livre d'amour de l'Orient]
Verlagsgesellschaft International Publishing GmbH					Munich			
Lustre Press					New Delhi	Inde		
Panorama Editorial					Mexico	Mexique		
Editions C.I.D.					Bruxelles			[Restif de la Bretonne]
Gallimard / UNESCO								[Connaissance de l'Orient][Oeuvres représentatives]
Editions du Chêne								[Dossiers graphiques du Chêne][Les hauts lieux de l'architectur]
La Croix - L'évènement / Festival d'Avignon								
Le Festival International de la Culture Juive					Paris			
Les Deux Océans					Paris		Collections :  - Le trésor spirituel de l'Humanité	[Le trésor spirituel de l'Humanit]
Centre International des CréationsThéatrales					Paris			[Créations Théatrales][Créations Théatrales]
Le Dorian					Paris			
Ecole Freudienne de Paris					Paris			
Tory de Bourges					Paris			
Editorial Diana					Mexico	Mexique		
Harry N. Abrams					New York	USA		[The Israel Museum, Jerusalem]
Editions Beba					Paris			[Théâtre en Europe]
Edition Imago					Paris			
Editions Imago					Paris			
Feltrinelli Editore					Milan	Italie		
ESF editeur					Paris			[Pédagogies]
Louis Deschamps					Paris			
Institut français du Caire					Le Caire	Egypte		
Maisonneuve & Cie					Paris			
Instituto Nacional Antropologia e Historia								[Estudios de Antropologia e Histo]
Gallimard / Julliard					Paris			[Collection archives]
E. J. Brill					Leiden	Hollande		
Amiot / Dumont					Paris			["Toute la ville en parle"]
Mouton					Paris			[Le savoir historique 1][Le savoir historique 1]
Pygmalion					Paris			
Librairie Académique Perrin								[Présence de l'histoire]
J. Galbada & Cie					Paris			[Etudes palestiniennes et orienta]
Publisud					Paris			[Courants universels]
Les Editions Rieder					Paris			
Morel					Apt	France		
Houghton Mifflin Company					Boston / New York	USA		
Chandeigne					Paris			
Robert Laffont / Calmann-Lévy								
Somaiya Publications					Bombay / New Delhi	Inde		
F. Guitel					Paris			
Les Editions Véga					Paris			["L'anneau d'or"]
INAH / Fondo de Cultura Economica					Mexico	Mexique		[][Obras de Antropologia]
Edition de la Fondation Egyptologique Reine Elisabeth					Bruxelles	Belgique		
Société Des Traités Religieux					Paris			[Nouvelle bibliothèque des famill]
Métanoïa					Montélimar			
Institut Français d'Archéologie Orientale					Le Caire			
Pygmalion / Gérard Watelet					Paris / Paris			
Le Cercle d'Or					Les Sables-d'Olonne			[Histoire]
Alfred Eibel					Lausanne	Suisse		[Asie / Asie du Sud-Est]
The Modern Library					New York			
Les Editions de l'"Omnium littéraire"					Paris			[Le livre de la vie dans l'au-del]
Temps Actuels					Paris			[La passion de l'histoire]
Séquences					Rezé	France		
Editions Roger Dacosta					Paris			
Messidor / Temps actuels					Paris			[La passion de l'histoire]
Le Bas					Les Pavillons-Sous-Bois		Père et Fils éditeurs	
La Nuée Bleue					Strasbourg			[Objectif demain]
The Clarendon Press					Oxford	Grande-Bretagne		
Peuples du Monde					Paris			[Domaine Latino-Américain]
Méquignon Junior					Paris			
Hatier Université					Paris			[][Histoire contemporaine][Histoire contemporaine]
Merkos l'Inyonei Chinuch					New York	USA		
Bibliothèque d'Archéologie Orientale d'Athènes B.A.O.A.					Athènes	Grêce		
Fayard & Cie					Paris			
Maison Quantin					Paris			[][Bibliothèque de l'enseignement d]
Editions Laurence Teper					Paris			
Solesmes					Sablé-sur-Sarthe			
Alcide Picard					Paris			
Editions Dagorno					Paris			
Hachette / massin								
Office du Livre					Fribourg	Suisse		[Les chefs-d'oeuvre absolus de la]
Doin								
L. Durand					Fécamp			
La Baconnière / Albin Michel					Neuchatel / Paris			
Martin					?			
Plon / UNESCO					Paris			[Terre Humaine]
Ekdotike Athenon					Athènes	Grêce		[The Greek Museums]
Editions de Saint-Clair					Paris			
Cal y Arena					Mexico	Mexique		
Les Presses d' Aujourd'hui					Paris			[L'arbre double]
François Maspero / La Découverte					Paris			
Sindbad					Paris			[La bibliothèque arabe]
Blackie & son					Bombay	Inde		
Bharatiya Vidya Bhavan					Bombay	Inde		[Bhavan's Book University]
Robert Sailley (Compte d'auteur)					Paris			
Bureaux des missions catholiques					Lyon		- Bibliothèque illustrée des missions catholiques	[Bibliothèque illustrée des missi]
Les Editions de la Chambre au Loup					Paris			
Bibliothèque des Curieux					Paris			[Le coffret du bibliophile]
Les Editions de l'Homme					Montréal	Québec		[Le bon mot]
Ediciones de arte gaglianone					Buenos Aires	Argentine		[Union Carbide]
Le Cercle du Bibliophile					Paris			[Découverte de la science]
Labor et Fides					Genève	Suisse		
Routledge / Kergan Paul					Londres / Henley	Grande Bretagne		
Caelum					Montevideo			
O.E.I.L.					Paris			
Editions de l'Epi					Paris			
Société d'Edition d'Enseignement Supérieur					Paris			[][Regards sur l'histoire]
Helios					Paris			[Condensé du sanskrit pas P. Lal]
Cercle occitan d'Auvergne					Clermont-Ferrand			[Notre Patrimoine][Notre Patrimoine]
Musée des Arts Décoratifs					Paris			
Minima Trotta					Madrid			[Min.]
Manrique Zago					Buenos Aires	Argentine		[Arte en Buenos Aires]
Centre National de  la Photographie					Paris			
Unité d'Art								
Aimery Somogy / Gründ					Paris			[Tendances de la peinture moderne]
Elmayan / Seuil					Paris / Paris			
Draeger								[Le soleil noir]
Musée Rodin					Paris			
Bonechi / Verlag Styria					Florence / Graz	Italie / Autriche		[Edition française]
Centre Culturel du Marais					Paris			
Musée de Lille					Lille			
Grosset & Dunlap					New York	USA		[The New Grosset Art Library]
Fondazione Thyssen Bornemisza / Electa					Milan	Italie		
Georges Fall					Paris			[Bibli Opus]
Centre Georges Pompidou								
Musées Royaux des Beaux-Arts de Belgique					Bruxelles			
Lebeer Hossmann					Bruxelles	Belgique		[Le fil rouge]
Les Editeurs Evidant					Paris			
Editions S.A.E.P					Colmar			[Delta 2000]
Escudo de Oro					Barcelone	Espagne		[Art en Espagne]
Instituto poligrafico dello stato					Rome	Italie		[Itinéraires des musées, galeries]
Ameris Pomaire					Madrid	Espagne		
Editions Franciscaines					Lyon			
L'Indispensable					Paris			
Peeters					Leuven			[Accent]
Edhasa					Buenos Aires	Argentine		[Los libros de Sisifo]
Presses du temps présent						France		
Union centrale des Arts Décoratifs					Paris			
U.F.O.L.E.I.S.					Paris			[La Revue du Cinéma]
Deux Coqs d' Or								[Le petit guide]
Lherminier					Paris			[Cinéma d'aujourd'hui / Dossiers]
Maison des Arts de Creteil					Créteil			
Le Tout sur le Tout					Paris			
Editions de la Connaissance					Bruxelles	Belgique		[Témoins et témoignages]
Fabrizio Serra Editore					Pise / Rome	Italie		
Bruges					Bruges	Belgique		
Rumeur des Ages					La Rochelle			
Editions Planète					Paris			[Encyclopédie Planète]
Cybele					Paris			
Editions Famot					Genève	Suisse		
Claude Offenstadt / Editions Azur					Paris			
Booket					Buenos Aires	Argentine		[Diversos]
Les Temps Modernes					Paris			[Les Temps Modernes]
Guichard Ainé					Avignon			
Umbr(a)					Buffalo, New York	USA		
Musée de l'Homme					Paris			[Ojets et Mondes]
Avant-Scène					Paris			[Opéra]
Châtelet					Paris			[Théâtre musical de Paris]
Roullet					Paris			
Ministère de l'Education nationale et de la Culture								
Editions de la Pierre					Paris			
Cahiers de Critique					Paris			[Cahiers de Critique]
Association pour le Rayonnement de l'Opéra de Paris					Paris			
Publications de l'Opéra de Paris Bastille					Paris			[Bastille]
Publications de l'Opéra national de Paris					Paris			[Opéra Bastille][Opéra Garnier]
Sand					Paris			
Gérard Billaudot Editeur					Paris			[Opéra de Paris]
Opéra Comique / Concert Spirituel					Paris			
Opéra du Rhin					Strasbourg			[Programmes de l'Opéra du Rhin]
Omnibus Press					Londres	UK		
Y.C.R.A					Paris			[Opéra international]
Statni opera Praha					Prague			
Estates Theatre					Prague			[The National Theatre Opera in Pr]
Wiener Staatsoper					Vienne			
Editions du Layeur								[Notre histoire]
Frequenz					Milan			[Le Grandi Opere Liriche]
Opéra de Paris					Paris			[Salle Favart]
Metropolitan Opera Guild					New York	USA		[Season Book]
Fondation musicale France-USA					Paris			
La société des artistes lyriques								
Sony music entertainment					New York	USA		[Columbia Legacy]
EMI records					Londres	UK		
Verlag der Festspielleitung Bayreuth								[The Bayreuth Centenary Productio]
J. Hetzel et Cie					Paris			
Publications Willy Fischer					Paris			
IBM de México								[Arte del Templo Mayor]
Ciné-Critiques / Films					Paris			
CID					Paris			[L'Homme]
Centre d'Editions Psychiatriques					Paris			[Bibliothèque neuro-psychiatrique][Bibliothèque neuro-psychiatrique]
Privat-Didier					Paris			[L'évolution psychiatrique]
Ediciones Sedimentos					Buenos Aires	Argentine		
Elsevier					Paris			[L'évolution psychiatrique]
L'Arc					Aix-en-Provence			[L'Arc Revue]
Editions Bourrelier					Paris			[Société Alfred Binet]
Schleicher Frères					Paris			[L'année psychologique]
Centre Culturel Français/Lagos/ Fête de la lettre					Paris			
Minerva					Genève-Paris			
Griffith Institute					Oxford			
Ministère de la Communauté Française								
Editions Atlas					Paris			
Fayard / Dessain et Tolra								
Xavier Richer / Hoa Qui					Paris / Paris			
Lucien Mazenod					Paris			[L'art et les grandes civilisatio]
Editions Joël Cuénot					Meudon			[Les sentiers de l'imaginaire]
Groupe régional de psychanalyse					Marseille			[L'impair]
Inter-Livres								[L'Encyclopédie Diderot]
Clio					Mexico			
Brijbasi					New Delhi	Inde		
Editions Princesse					Paris			
Salvat					Barcelone	Espagne		
Institut d'Orient					Paris			
Garcia Valades Editores					México			
Paris audiovisuel					?			[]
Schirn Kunsthalle Frankfurt and The Museum of Fine Arts					Frankfurt / Houston			
Edita					?			
Filipacchi / Artcurial					?/?			
Galeries Orsini / Beno d'Incelli / Antiope					Paris / Toulouse / Sorrento	France / France / Italie		
Gibert Jeune					Paris			[L'artiste et son temps]
Adam Biro					Paris			
Editions des Musées Nationaux								
Editions tête de feuilles					Paris			[Galerie d'Art]
Editions Bellevue					paris			
								
Indigo Books					New York	USA		[Fame]
Mexico, D.F.					Mexico			
Letra Viva/Ediciones Lecol					Buenos Aires	Argentine		
Les musées de la ville de Strasbourg					Strasbourg			
Filipacchi					Paris			[Les yeux fertiles]
Do Bentzinger Editeur					?			
Skira / Flammarion								[Les trésors de l'Asie]
Arnoldo Mondadori Editore					Milan	Italie		
The Solomon R. Guggenheim Museum					New York			
L'Âne					Paris			[L'Âne]
Garance								["Grands Médecians ..., Grands Ho]
Le Violon d'Ingres								
Harlan Lane					Londres	Grande Bretagne		
George Allen & Unwin					Londres	Grande Bretagne		
Vermot								[Guide Vermot]
Naturalia publications					Turriers	France		
Jupilles					Paris			
La gazette médicale					Paris			
Editions du Verseau					Denges	Suisse		
Editions Vilo					Paris			
Gide et Cie					Paris			
Gide et J. Baudry					Paris			
Pygmalion / Gérard Watelet					Paris			
Charpentier					Paris			
INSERM / ORSTOM					Paris / Paris			
Ozaldi et Textes Cardinaux / Bibliothèque Nationale					Paris / Paris			
Bibliothèque Nationale					Paris			
Laboratoires Cortial								
O.C.D.L.					Paris			
Editions Michèle Trinckvel					?			[Les archives des métiers]
P. Longuet					Paris			
								
Editions du Sextant Bleu / Synthélabo					Paris			[Les empêcheurs de penser en ron]
Azoulay					Paris			
Culture, Art, Loisirs					Paris			[Histoire des personnages mystéri]
Berger-Levrault					Paris			
Librairie Thomas-Scheler					Paris			
Presses de la Cité / Top Santé					Paris			[Documents]
Addison-Wesley Publishing Company					Londres	Angleterre		
Yale University Press					Londres	Angleterre		
Liège					Liège			
Croom Helm					?	Grande Bretagne		
Economica					Paris			[Anthropos]
Psychosozial-Verlag					Giessen			[Imago]
Les presses du compagnonnage					Paris			
Editions Espaces 34					Montpellier			[Espace Science]
Editorial Villicana					Mexico			[Psicoanalisis en Extension]
Editions Ulysse					Montréal	Québec		[Guide de voyage Ulysse]
Passagen Verlag					Vienne			
Editions du Losange					Nice			[AnamorphoseS]
Marcus					Paris			[Carnets de route Marcus][Guide poche-voyage][Guides de voyages][Guides Marcus]
Nelles					Munich			[Guide Nelles]
Jika					Paris			[Les Guides Jika]
Lonely Planet					Hawthorn	Australie		[Travel Survival Kit]
Maisonneuve					Paris			
Fodor's Travel Publications					New York	USA		[Fodor's]
Atelier Philippe Gentil					Paris			[Guides Philippe Gentil]
